{"cameraMode":{"drawMode":0,"name":"Shaded","section":"Shading Mode"},"sceneLighting":true,"audioPlay":false,"sceneViewState":{"m_AlwaysRefresh":false,"showFog":true,"showSkybox":true,"showFlares":true,"showImageEffects":true,"showParticleSystems":true,"showVisualEffectGraphs":true,"m_FxEnabled":true},"in2DMode":false,"pivot":{"x":208.477294921875,"y":304.1972351074219,"z":129.4376678466797},"rotation":{"x":0.016498399898409845,"y":0.01049836166203022,"z":-0.00017326285887975246,"w":0.999809205532074},"size":447.3186950683594,"orthographic":false}