{"cameraMode":{"drawMode":0,"name":"Shaded","section":"Shading Mode"},"sceneLighting":true,"audioPlay":false,"sceneViewState":{"m_AlwaysRefresh":false,"showFog":true,"showSkybox":true,"showFlares":true,"showImageEffects":true,"showParticleSystems":true,"showVisualEffectGraphs":true,"m_FxEnabled":true},"in2DMode":false,"pivot":{"x":267.2662353515625,"y":150.8824005126953,"z":-28.51776123046875},"rotation":{"x":0.07342439889907837,"y":-0.016454415395855905,"z":0.001210719347000122,"w":0.9971712827682495},"size":240.25389099121095,"orthographic":false}