{"cameraMode":{"drawMode":0,"name":"Shaded","section":"Shading Mode"},"sceneLighting":true,"audioPlay":false,"sceneViewState":{"m_AlwaysRefresh":false,"showFog":true,"showSkybox":true,"showFlares":true,"showImageEffects":true,"showParticleSystems":true,"showVisualEffectGraphs":true,"m_FxEnabled":true},"in2DMode":false,"pivot":{"x":265.6282958984375,"y":107.75160217285156,"z":311.62103271484377},"rotation":{"x":0.08390175551176071,"y":-0.001494324067607522,"z":0.00012497033458203077,"w":0.9964797496795654},"size":691.507080078125,"orthographic":false}