{"cameraMode":{"drawMode":0,"name":"Shaded","section":"Shading Mode"},"sceneLighting":true,"audioPlay":false,"sceneViewState":{"m_AlwaysRefresh":false,"showFog":true,"showSkybox":true,"showFlares":true,"showImageEffects":true,"showParticleSystems":true,"showVisualEffectGraphs":true,"m_FxEnabled":true},"in2DMode":false,"pivot":{"x":13.306178092956543,"y":8.293251037597657,"z":40.23890686035156},"rotation":{"x":0.05428018793463707,"y":0.010478993877768517,"z":-0.0005699394387193024,"w":0.9984741806983948},"size":45.38363265991211,"orthographic":false}